Employee Number,Employee Name,Date of Birth,Sex,Citizenship,Race,State,Zip,Marital Status,Department,Manager Name,Position,Performance Rank,Performance Score,Pay Rate,Employee Source,Employment Status,Date of Hire,Date of Termination,Reason for Termination
1103024456,"Brown, Mia",11/24/87,Female,US Citizen,African American,MA,1450,Married,Admin Offices,Brandon R. LeBlanc,Accountant I,3,Fully Meets,28.5,Diversity Job Fair,Active,10/27/12,,N/A
1106026572,"LaRotonda, William",4/26/84,Male,US Citizen,African American,MA,1460,Divorced,Admin Offices,Brandon R. LeBlanc,Accountant I,3,Fully Meets,23,Website Banner Ads,Active,1/6/18,,N/A
1302053333,"Steans, Tyrone",9/1/86,Male,US Citizen,White,MA,2703,Single,Admin Offices,Brandon R. LeBlanc,Accountant I,3,Fully Meets,29,Internet Search,Active,9/29/18,,N/A
1211050782,"Howard, Estelle",9/16/85,Female,US Citizen,White,MA,2170,Married,Admin Offices,Brandon R. LeBlanc,Administrative Assistant,0,N/A,21.5,Pay Per Click - Google,Active,2/16/19,,N/A
1307059817,"Singh, Nan",5/19/88,Female,US Citizen,White,MA,2330,Single,Admin Offices,Brandon R. LeBlanc,Administrative Assistant,0,N/A,16.56,Website Banner Ads,Active,5/1/19,,N/A
711007713,"Smith, Leigh Ann",6/14/87,Female,US Citizen,Asian,MA,1844,Married,Admin Offices,Brandon R. LeBlanc,Administrative Assistant,3,Fully Meets,20.5,Diversity Job Fair,Voluntarily Terminated,9/26/15,9/25/17,Another Position / Career Change
1102024115,"LeBlanc, Brandon  R",6/10/84,Male,US Citizen,White,MA,1460,Married,Admin Offices,Janet King,Shared Services Manager,3,Fully Meets,55,Monster.com,Active,1/5/20,,N/A
1206043417,"Quinn, Sean",11/6/84,Male,Eligible NonCitizen,African American,MA,2045,Married,Admin Offices,Janet King,Shared Services Manager,3,Fully Meets,55,Diversity Job Fair,Voluntarily Terminated,2/21/15,8/15/19,Another Position / Career Change
1307060188,"Boutwell, Bonalyn",4/4/87,Female,US Citizen,Asian,MA,2468,Married,Admin Offices,Brandon R. LeBlanc,Sr. Accountant,3,Fully Meets,34.95,Diversity Job Fair,Active,2/16/19,,N/A
1201031308,"Foster-Baker, Amy",4/16/79,Female,US Citizen,White,MA,2050,Married,Admin Offices,Board of Directors,Sr. Accountant,3,Fully Meets,34.95,Other,Active,1/5/13,,N/A
1001495124,"King, Janet",9/21/54,Female,US Citizen,White,MA,1902,Married,Executive Office,Board of Directors,President & CEO,3,Fully Meets,80,Pay Per Click - Google,Active,7/2/16,,N/A
1112030816,"Zamora, Jennifer",8/30/79,Female,US Citizen,White,MA,2067,Single,IT/IS,Janet King,CIO,5,Exceptional,65,Employee Referral,Active,4/10/14,,N/A
1102024056,"Becker, Renee",4/4/86,Female,US Citizen,White,MA,2026,Single,IT/IS,Simon Roup,Database Administrator,3,Fully Meets,43,Search Engine - Google Bing Yahoo,Terminated for Cause,7/7/18,9/12/19,Performance
905013738,"Goble, Taisha",10/23/71,Female,US Citizen,White,MA,2127,Single,IT/IS,Simon Roup,Database Administrator,3,Fully Meets,48.5,Glassdoor,Terminated for Cause,2/16/19,3/15/19,Gross Misconduct
1410071156,"Hernandez, Daniff",8/7/86,Male,US Citizen,African American,MA,1960,Married,IT/IS,Simon Roup,Database Administrator,0,N/A,40.1,Employee Referral,Terminated for Cause,2/16/19,2/22/19,Gross Misconduct
1105025718,"Horton, Jayne",2/21/84,Female,US Citizen,White,MA,2493,Single,IT/IS,Simon Roup,Database Administrator,0,N/A,34,Glassdoor,Active,3/30/19,,N/A
1003018246,"Johnson, Noelle",11/7/86,Female,US Citizen,Asian,MA,2301,Married,IT/IS,Simon Roup,Database Administrator,3,Fully Meets,40,Glassdoor,Leave of Absence,1/5/19,,N/A
1406068403,"Murray, Thomas",7/4/88,Male,US Citizen,African American,TX,78230,Divorced,IT/IS,Simon Roup,Database Administrator,5,Exceptional,35.5,Diversity Job Fair,Active,11/10/18,,N/A
1102023965,"Pearson, Randall",9/5/84,Male,US Citizen,White,MA,2747,Married,IT/IS,Simon Roup,Database Administrator,3,Fully Meets,41,Employee Referral,Voluntarily Terminated,12/1/18,5/1/20,Performance
1108027853,"Petrowsky, Thelma",9/16/84,Female,US Citizen,Asian,MA,1886,Married,IT/IS,Simon Roup,Database Administrator,5,Exceptional,42.75,Employee Referral,Active,11/10/18,,N/A
1407068885,"Roby, Lori",10/11/81,Female,US Citizen,White,MA,1886,Married,IT/IS,Simon Roup,Database Administrator,3,Fully Meets,39.55,Employee Referral,Active,2/16/19,,N/A
1203032255,"Rogers, Ivan",8/26/86,Male,US Citizen,White,MA,1810,Married,IT/IS,Simon Roup,Database Administrator,0,N/A,42.2,Pay Per Click - Google,Active,3/30/19,,N/A
1111030148,"Salter, Jason",12/17/87,Male,US Citizen,African American,MA,2452,Divorced,IT/IS,Simon Roup,Database Administrator,3,Fully Meets,45,Vendor Referral,Voluntarily Terminated,1/5/19,10/31/19,Working Hours
808010278,"Simard, Kramer",2/8/70,Male,US Citizen,White,MA,2110,Married,IT/IS,Simon Roup,Database Administrator,3,Fully Meets,30.2,Employee Referral,Active,1/5/19,,N/A
1110029732,"Zhou, Julia",2/24/79,Female,US Citizen,White,MA,2148,Single,IT/IS,Simon Roup,Database Administrator,3,Fully Meets,31.4,Employee Referral,Active,3/30/19,,N/A
1192991000,"Foss, Jason",7/5/80,Male,US Citizen,African American,MA,1460,Single,IT/IS,Jennifer Zamora,IT Director,5,Exceptional,65,Professional Society,Active,4/15/15,,N/A
1106026933,"Roup,Simon",4/5/73,Male,US Citizen,White,MA,2481,Single,IT/IS,Jennifer Zamora,IT Manager - DB,3,Fully Meets,62,Professional Society,Active,1/20/17,,N/A
1001175250,"Ruiz, Ricardo",1/4/64,Male,US Citizen,Hispanic,MA,1915,Divorced,IT/IS,Jennifer Zamora,IT Manager - DB,3,Fully Meets,21,Diversity Job Fair,Voluntarily Terminated,1/9/16,11/4/19,Working Hours
1011022863,"Monroe, Peter",10/5/86,Male,Eligible NonCitizen,Hispanic,MA,2134,Married,IT/IS,Jennifer Zamora,IT Manager - Infra,2,Needs Improvement,63,Diversity Job Fair,Active,2/15/16,,N/A
1101023754,"Dougall, Eric",7/9/70,Male,US Citizen,White,MA,1886,Single,IT/IS,Jennifer Zamora,IT Manager - Support,4,Exceeds,64,Professional Society,Active,1/5/18,,N/A
1301052902,"Clayton, Rick",9/5/85,Male,US Citizen,White,MA,2170,Single,IT/IS,Eric Dougall,IT Support,3,Fully Meets,28.99,Glassdoor,Active,9/5/16,,N/A
1501072093,"Galia, Lisa",7/6/68,Female,US Citizen,White,CT,6040,Single,IT/IS,Eric Dougall,IT Support,3,Fully Meets,31.4,Vendor Referral,Active,5/1/14,,N/A
602000312,"Lindsay, Leonara",10/5/88,Female,US Citizen,Hispanic,CT,6070,Single,IT/IS,Eric Dougall,IT Support,4,Exceeds,26,Diversity Job Fair,Active,1/21/15,,N/A
1203032263,"Soto, Julia",3/12/73,Female,US Citizen,African American,MA,2360,Married,IT/IS,Eric Dougall,IT Support,3,Fully Meets,27.49,Information Session,Active,6/10/15,,N/A
1212052023,"Bacong, Alejandro",1/7/88,Male,US Citizen,White,MA,1886,Divorced,IT/IS,Peter Monroe,Network Engineer,3,Fully Meets,45,Glassdoor,Active,1/5/19,,N/A
1102024173,"Cisco, Anthony",11/24/89,Male,US Citizen,White,MA,2135,Married,IT/IS,Peter Monroe,Network Engineer,0,N/A,42,Information Session,Active,3/30/19,,N/A
1101023540,"Dolan, Linda",7/18/88,Female,US Citizen,White,MA,2119,Married,IT/IS,Peter Monroe,Network Engineer,3,Fully Meets,37,Employee Referral,Active,1/5/19,,N/A
1988299991,"Gonzalez, Maria",4/16/81,Female,US Citizen,White,MA,2472,Separated,IT/IS,Peter Monroe,Network Engineer,3,Fully Meets,39,Employee Referral,Active,1/5/19,,N/A
1012023013,"Merlos, Carlos",6/18/87,Male,US Citizen,White,MA,2138,Single,IT/IS,Peter Monroe,Network Engineer,0,N/A,43,Vendor Referral,Active,3/30/19,,N/A
1001956578,"Morway, Tanya",4/4/79,Female,US Citizen,White,MA,2048,Married,IT/IS,Peter Monroe,Network Engineer,3,Fully Meets,27,Monster.com,Active,2/16/19,,N/A
906014183,"Shepard, Anita",4/14/81,Female,US Citizen,White,MA,1773,Married,IT/IS,Peter Monroe,Network Engineer,3,Fully Meets,47,Vendor Referral,Active,9/30/18,,N/A
1104025466,"Tredinnick, Neville",5/5/88,Male,US Citizen,White,MA,1420,Married,IT/IS,Peter Monroe,Network Engineer,3,Fully Meets,28,Monster.com,Voluntarily Terminated,1/5/19,5/12/19,Medical Issues
1411071506,"Turpin, Jumil",3/31/69,Male,Eligible NonCitizen,White,MA,2343,Married,IT/IS,Peter Monroe,Network Engineer,0,N/A,49.1,Employee Referral,Active,3/30/19,,N/A
1307060199,"Ait Sidi, Karthikeyan",5/5/75,Male,US Citizen,White,MA,2148,Married,IT/IS,Simon Roup,Sr. DBA,3,Fully Meets,62,Company Intranet - Partner,Voluntarily Terminated,3/30/19,6/16/20,Another Position / Career Change
1010022337,"Carr, Claudia  N",6/6/86,Female,US Citizen,African American,MA,1886,Single,IT/IS,Simon Roup,Sr. DBA,0,N/A,61.3,Vendor Referral,Active,6/30/20,,N/A
1412071562,"Favis, Donald",7/30/64,Male,US Citizen,African American,CT,6033,Single,IT/IS,Simon Roup,Sr. DBA,3,Fully Meets,58.2,Vendor Referral,Terminated for Cause,2/17/18,2/19/20,Working Hours
1111030266,"Roehrich, Bianca",5/27/73,Female,US Citizen,White,MA,2703,Single,IT/IS,Simon Roup,Sr. DBA,3,Fully Meets,58.5,Vendor Referral,Voluntarily Terminated,1/5/19,11/10/19,Another Position / Career Change
1411071312,"Daniele, Ann",1/18/52,Female,US Citizen,White,CT,6033,Married,IT/IS,Peter Monroe,Sr. Network Engineer,3,Fully Meets,54.1,Vendor Referral,Leave of Absence,11/10/18,,N/A
1108028108,"Lajiri,  Jyoti",4/23/86,Male,US Citizen,White,MA,2169,Married,IT/IS,Peter Monroe,Sr. Network Engineer,3,Fully Meets,56.2,Employee Referral,Leave of Absence,11/10/18,,N/A
904013591,"Semizoglou, Jeremiah",2/9/83,Male,US Citizen,Asian,MA,1545,Married,IT/IS,Peter Monroe,Sr. Network Engineer,0,N/A,53.8,On-campus Recruiting,Active,6/30/20,,N/A
1308060959,"South, Joe",9/9/65,Male,US Citizen,White,CT,6278,Single,IT/IS,Peter Monroe,Sr. Network Engineer,3,Fully Meets,53,Employee Referral,Active,11/10/18,,N/A
1301052347,"Warfield, Sarah",5/2/78,Female,US Citizen,Asian,MA,2453,Widowed,IT/IS,Peter Monroe,Sr. Network Engineer,0,N/A,55.2,Employee Referral,Active,3/30/19,,N/A
1006020066,"Bramante, Elisa",3/19/83,Female,US Citizen,African American,MA,2030,Single,Production,Janet King,Director of Operations,4,Exceeds,60,Other,Active,1/5/13,,N/A
1501072311,"Albert, Michael",10/10/68,Male,US Citizen,White,MA,2169,Divorced,Production,Janet King,Production Manager,3,Fully Meets,54.5,Employee Referral,Active,8/1/15,,N/A
1303054580,"Bozzi, Charles",3/10/70,Male,US Citizen,Asian,MA,1901,Single,Production,Janet King,Production Manager,3,Fully Meets,50.5,Billboard,Voluntarily Terminated,9/30/17,8/7/18,Retire
1110029990,"Butler, Webster  L",8/9/83,Male,US Citizen,White,MA,2169,Single,Production,Janet King,Production Manager,4,Exceeds,55,Pay Per Click - Google,Active,1/28/20,,N/A
1409070147,"Dunn, Amy",11/28/73,Female,US Citizen,White,MA,1731,Single,Production,Janet King,Production Manager,3,Fully Meets,51,Search Engine - Google Bing Yahoo,Active,9/18/18,,N/A
1307060077,"Gray, Elijiah",7/11/81,Male,US Citizen,White,MA,1752,Divorced,Production,Janet King,Production Manager,3,Fully Meets,54,Employee Referral,Active,6/2/19,,N/A
1001944783,"Hogland, Jonathan",7/1/72,Male,US Citizen,White,MA,1890,Married,Production,Janet King,Production Manager,3,Fully Meets,48.5,Employee Referral,Terminated for Cause,1/10/15,12/12/19,Attitude
1403065874,"Immediato, Walter",11/15/76,Male,US Citizen,Asian,MA,2128,Married,Production,Janet King,Production Manager,2,Needs Improvement,42,Other,Voluntarily Terminated,2/21/15,9/24/16,Unhappy
1103024679,"Liebig, Ketsia",10/26/81,Female,US Citizen,White,MA,2110,Married,Production,Janet King,Production Manager,4,Exceeds,55,Website Banner Ads,Active,9/30/17,,N/A
1107027351,"Miller, Brannon",8/10/81,Male,US Citizen,Hispanic,MA,2045,Single,Production,Janet King,Production Manager,3,Fully Meets,53,Internet Search,Active,8/16/16,,N/A
1402065355,"Peterson, Ebonee",5/9/77,Female,US Citizen,White,MA,2030,Married,Production,Janet King,Production Manager,3,Fully Meets,38.5,Internet Search,Voluntarily Terminated,10/25/14,5/18/20,Another Position / Career Change
1102024149,"Spirea, Kelley",9/30/75,Female,US Citizen,White,MA,2451,Married,Production,Janet King,Production Manager,3,Fully Meets,52,Vendor Referral,Active,10/2/16,,N/A
1000974650,"Stanley, David",12/17/75,Male,US Citizen,White,MA,1803,Divorced,Production,Janet King,Production Manager,2,Needs Improvement,53,Monster.com,Active,7/20/14,,N/A
1405067298,"Sullivan, Kissy",3/28/78,Female,US Citizen,African American,MA,1776,Married,Production,Janet King,Production Manager,3,Fully Meets,55,Billboard,Active,1/8/13,,N/A
1410071026,"Wallace, Courtney  E",11/14/55,Female,US Citizen,African American,MA,2478,Married,Production,Janet King,Production Manager,3,Fully Meets,33.5,Diversity Job Fair,Voluntarily Terminated,9/26/15,1/2/16,Another Position / Career Change
1409070522,"Adinolfi, Wilson  K",7/10/83,Male,US Citizen,White,MA,1960,Single,Production,Michael Albert,Production Technician I,4,Exceeds,20,MBTA ads,Active,7/5/15,,N/A
1011022883,"Alagbe,Trina",9/27/88,Female,US Citizen,White,MA,1886,Married,Production,Elijiah Gray,Production Technician I,3,Fully Meets,21,Billboard,Active,1/7/12,,N/A
1001417624,"Anderson, Carol",9/8/89,Female,US Citizen,White,MA,2169,Divorced,Production,Webster Butler,Production Technician I,0,N/A,16,Word of Mouth,Voluntarily Terminated,7/11/15,9/6/15,Return to School
1304055947,"Anderson, Linda",5/22/77,Female,US Citizen,White,MA,1844,Single,Production,Amy Dunn,Production Technician I,5,Exceptional,23,MBTA ads,Active,1/9/16,,N/A
1301052124,"Athwal, Sam",2/18/83,Male,US Citizen,White,MA,2199,Widowed,Production,Ketsia Liebig,Production Technician I,0,N/A,22,Employee Referral,Active,9/30/17,,N/A
1212051409,"Bachiochi, Linda",2/11/70,Female,US Citizen,Hispanic,MA,1902,Single,Production,Brannon Miller,Production Technician I,3,Fully Meets,22,Diversity Job Fair,Leave of Absence,7/6/13,,N/A
1307060083,"Baczenski, Rachael",1/12/74,Female,US Citizen,Hispanic,MA,1902,Married,Production,David Stanley,Production Technician I,0,N/A,17,Diversity Job Fair,Voluntarily Terminated,1/10/15,1/12/15,Another Position / Career Change
1312063507,"Barbara, Thomas",2/21/74,Male,US Citizen,Asian,MA,2062,Married,Production,Kissy Sullivan,Production Technician I,3,Fully Meets,22,Diversity Job Fair,Voluntarily Terminated,4/2/16,9/19/16,Unhappy
1101023679,"Barone, Francesco  A",7/20/83,Male,US Citizen,Hispanic,MA,1810,Single,Production,Kelley Spirea,Production Technician I,3,Fully Meets,16.76,Social Networks - Facebook Twitter etc,Active,2/20/16,,N/A
1212051962,"Barton, Nader",7/15/77,Male,US Citizen,White,MA,2747,Divorced,Production,Michael Albert,Production Technician I,3,Fully Meets,18,On-line Web application,Voluntarily Terminated,9/24/16,4/6/17,Another Position / Career Change
1403066194,"Beatrice, Courtney",10/27/70,Female,Eligible NonCitizen,White,MA,1915,Single,Production,Elijiah Gray,Production Technician I,3,Fully Meets,22,Search Engine - Google Bing Yahoo,Active,4/4/15,,N/A
1110029777,"Becker, Scott",4/6/79,Male,US Citizen,Asian,MA,2452,Single,Production,Webster Butler,Production Technician I,3,Fully Meets,17,MBTA ads,Leave of Absence,7/8/17,,N/A
1109029366,"Bernstein, Sean",12/22/70,Male,US Citizen,White,MA,2072,Single,Production,Amy Dunn,Production Technician I,3,Fully Meets,16,Word of Mouth,Active,4/2/16,,N/A
1412071844,"Biden, Lowan  M",12/27/58,Female,US Citizen,Asian,MA,2027,Divorced,Production,Ketsia Liebig,Production Technician I,3,Fully Meets,22,Billboard,Active,8/19/17,,N/A
1308060366,"Billis, Helen",9/1/89,Female,US Citizen,White,MA,2031,Married,Production,Brannon Miller,Production Technician I,4,Exceeds,16,Professional Society,Active,7/7/18,,N/A
1406068293,"Brill, Donna",8/24/90,Female,US Citizen,White,MA,1701,Married,Production,David Stanley,Production Technician I,3,Fully Meets,20,Search Engine - Google Bing Yahoo,Voluntarily Terminated,4/2/16,6/15/17,Another Position / Career Change
1408069635,"Bugali, Josephine",10/30/69,Female,US Citizen,African American,MA,2043,Separated,Production,Kissy Sullivan,Production Technician I,3,Fully Meets,20,Diversity Job Fair,Leave of Absence,11/11/17,,N/A
1311063114,"Carey, Michael",2/2/83,Male,US Citizen,African American,MA,1701,Single,Production,Kelley Spirea,Production Technician I,3,Fully Meets,20,MBTA ads,Active,3/31/18,,N/A
1208048062,"Chace, Beatrice",1/2/51,Female,US Citizen,White,MA,2763,Single,Production,Michael Albert,Production Technician I,3,Fully Meets,16,Search Engine - Google Bing Yahoo,Active,9/29/18,,N/A
1305057282,"Chan, Lin",2/12/79,Female,US Citizen,White,MA,2170,Single,Production,Elijiah Gray,Production Technician I,3,Fully Meets,19.5,Internet Search,Active,5/12/18,,N/A
1111030129,"Chang, Donovan  E",8/24/83,Male,US Citizen,White,MA,1845,Single,Production,Webster Butler,Production Technician I,3,Fully Meets,22,Newspager/Magazine,Active,7/8/17,,N/A
1101023394,"Chivukula, Enola",8/27/83,Female,US Citizen,White,MA,1775,Single,Production,Amy Dunn,Production Technician I,3,Fully Meets,21,Other,Voluntarily Terminated,6/27/15,11/15/19,Relocation out of Area
1012023295,"Cierpiszewski, Caroline",5/31/88,Female,Non-Citizen,African American,MA,2044,Single,Production,Ketsia Liebig,Production Technician I,3,Fully Meets,22,Pay Per Click - Google,Active,10/3/15,,N/A
1407069280,"Clukey, Elijian",8/26/80,Male,US Citizen,White,MA,2134,Married,Production,Brannon Miller,Production Technician I,4,Exceeds,24.75,Employee Referral,Active,7/6/20,,N/A
1599991009,"Cockel, James",9/8/77,Male,US Citizen,White,MA,2452,Single,Production,David Stanley,Production Technician I,3,Fully Meets,15,Employee Referral,Active,7/8/17,,N/A
1001450968,"Cole, Spencer",8/12/79,Male,US Citizen,African American,MA,1880,Single,Production,Kissy Sullivan,Production Technician I,2,Needs Improvement,15,MBTA ads,Terminated for Cause,7/11/15,9/23/16,Performance
1403066069,"Cornett, Lisa",3/31/77,Female,US Citizen,White,MA,2189,Married,Production,Kelley Spirea,Production Technician I,3,Fully Meets,15.75,Billboard,Active,1/5/19,,N/A
1311063172,"Crimmings,   Jean",4/10/87,Female,US Citizen,White,MA,1821,Single,Production,Michael Albert,Production Technician I,0,N/A,19.75,Newspager/Magazine,Active,7/6/20,,N/A
1001109612,"Darson, Jene'ya",11/5/78,Female,US Citizen,White,MA,2110,Married,Production,Elijiah Gray,Production Technician I,3,Fully Meets,15,Billboard,Active,7/2/16,,N/A
1306058816,"DeGweck,  James",10/31/77,Male,US Citizen,White,MA,1810,Married,Production,Webster Butler,Production Technician I,3,Fully Meets,23.5,Billboard,Voluntarily Terminated,5/16/15,6/8/19,Unhappy
1501072124,"Desimone, Carl",4/19/67,Male,US Citizen,White,MA,2061,Married,Production,Amy Dunn,Production Technician I,1,Performance Improvement Plan,20,Professional Society,Active,7/7/18,,N/A
706006285,"Dickinson, Geoff",11/15/82,Male,US Citizen,White,MA,2180,Single,Production,Ketsia Liebig,Production Technician I,3,Fully Meets,21,Pay Per Click - Google,Active,5/12/18,,N/A
1209048696,"DiNocco, Lily",12/2/78,Female,US Citizen,African American,MA,2351,Married,Production,Brannon Miller,Production Technician I,2,Needs Improvement,22,Pay Per Click - Google,Active,1/7/17,,N/A
1202031618,"Dobrin, Denisa  S",10/7/86,Female,US Citizen,White,MA,2125,Single,Production,David Stanley,Production Technician I,3,Fully Meets,16.75,Monster.com,Active,4/2/16,,N/A
1406067865,"Eaton, Marianne",9/5/91,Female,US Citizen,White,MA,2343,Married,Production,Kissy Sullivan,Production Technician I,3,Fully Meets,17,Search Engine - Google Bing Yahoo,Voluntarily Terminated,4/4/15,6/6/17,Military
1007020403,"Engdahl, Jean",5/31/74,Male,US Citizen,White,MA,2026,Single,Production,Kelley Spirea,Production Technician I,3,Fully Meets,21.25,MBTA ads,Active,11/10/18,,N/A
1101023612,"England, Rex",8/25/78,Male,US Citizen,White,MA,2045,Married,Production,Kelley Spirea,Production Technician I,3,Fully Meets,21,Employee Referral,Active,3/31/18,,N/A
1104025243,"Estremera, Miguel",9/2/83,Male,US Citizen,White,MA,2129,Single,Production,Michael Albert,Production Technician I,2,Needs Improvement,17,Word of Mouth,Terminated for Cause,4/2/16,9/27/18,Attitude
1107027392,"Evensen, April",5/6/89,Female,US Citizen,White,MA,2458,Single,Production,Elijiah Gray,Production Technician I,0,N/A,18,Word of Mouth,Terminated for Cause,2/17/18,2/25/18,Gross Misconduct
1502072511,"Ferguson, Susan",4/14/55,Female,US Citizen,White,MA,2176,Married,Production,Webster Butler,Production Technician I,3,Fully Meets,20,Search Engine - Google Bing Yahoo,Voluntarily Terminated,11/7/15,5/17/18,Military
1302053339,"Fernandes, Nilson",10/18/89,Male,US Citizen,White,MA,2132,Married,Production,Amy Dunn,Production Technician I,0,N/A,18,Professional Society,Active,5/11/19,,N/A
803009012,"Ferreira, Violeta",6/10/86,Female,US Citizen,White,MA,2176,Single,Production,Ketsia Liebig,Production Technician I,3,Fully Meets,23,Newspager/Magazine,Active,2/20/16,,N/A
1006020020,"Fidelia,  Libby",3/16/81,Female,US Citizen,White,MA,2155,Married,Production,Brannon Miller,Production Technician I,3,Fully Meets,24,Social Networks - Facebook Twitter etc,Active,1/9/16,,N/A
1309061015,"Garcia, Raul",9/15/85,Male,US Citizen,White,MA,1905,Single,Production,David Stanley,Production Technician I,0,N/A,19,Employee Referral,Active,3/30/19,,N/A
1104025414,"Garneau, Hamish",4/18/80,Male,US Citizen,Asian,MA,1550,Single,Production,Kissy Sullivan,Production Technician I,3,Fully Meets,18,Professional Society,Active,7/8/17,,N/A
1105026041,"Gaul, Barbara",12/2/83,Female,US Citizen,African American,MA,2121,Single,Production,Kelley Spirea,Production Technician I,3,Fully Meets,24,MBTA ads,Active,5/16/15,,N/A
1501072192,"Gentry, Mildred",10/1/90,Female,US Citizen,African American,MA,2145,Married,Production,Michael Albert,Production Technician I,0,N/A,19,Professional Society,Active,3/30/19,,N/A
1308060622,"Gerke, Melisa",5/15/70,Female,US Citizen,White,MA,2330,Divorced,Production,Elijiah Gray,Production Technician I,0,N/A,22,Diversity Job Fair,Voluntarily Terminated,11/7/15,11/15/15,Working Hours
1008020960,"Gilles, Alex",8/9/74,Male,US Citizen,African American,MA,2062,Married,Production,Webster Butler,Production Technician I,2,Needs Improvement,15,Diversity Job Fair,Voluntarily Terminated,4/2/16,6/25/19,Military
1204032927,"Girifalco, Evelyn",5/8/80,Female,US Citizen,Hispanic,MA,2451,Single,Production,Amy Dunn,Production Technician I,4,Exceeds,16,Professional Society,Active,9/29/18,,N/A
1408069539,"Gold, Shenice",6/18/92,Female,US Citizen,White,MA,2451,Single,Production,Ketsia Liebig,Production Technician I,3,Fully Meets,17,Glassdoor,Active,11/11/17,,N/A
1411071212,"Gonzalez, Cayo",9/29/69,Male,US Citizen,Hispanic,MA,2108,Divorced,Production,Brannon Miller,Production Technician I,4,Exceeds,16,Diversity Job Fair,Active,7/11/15,,N/A
1106026579,"Gordon, David",5/21/79,Male,US Citizen,White,MA,2169,Married,Production,David Stanley,Production Technician I,3,Fully Meets,15,MBTA ads,Active,7/2/16,,N/A
1312063675,"Goyal, Roxana",10/9/74,Female,US Citizen,Asian,MA,1864,Married,Production,Kissy Sullivan,Production Technician I,3,Fully Meets,24,On-campus Recruiting,Leave of Absence,8/19/17,,N/A
1103024859,"Gross, Paula",5/21/83,Female,US Citizen,White,MA,2176,Divorced,Production,Kelley Spirea,Production Technician I,3,Fully Meets,14,Monster.com,Voluntarily Terminated,2/21/15,1/11/18,More Money
1405067064,"Handschiegl, Joanne",3/23/77,Female,US Citizen,White,MA,2127,Married,Production,Michael Albert,Production Technician I,3,Fully Meets,24,Word of Mouth,Active,11/28/15,,N/A
1406068241,"Harrell, Ludwick",9/2/82,Male,US Citizen,Asian,MA,1776,Married,Production,Elijiah Gray,Production Technician I,3,Fully Meets,21,Search Engine - Google Bing Yahoo,Active,5/14/16,,N/A
1110029602,"Harrington, Christie",8/18/52,Female,US Citizen,White,MA,2324,Single,Production,Webster Butler,Production Technician I,3,Fully Meets,19.75,Monster.com,Voluntarily Terminated,1/9/16,12/15/19,Retire
1404066622,"Harrison, Kara",5/2/74,Female,US Citizen,White,MA,1886,Married,Production,Amy Dunn,Production Technician I,4,Exceeds,20,Monster.com,Active,5/12/18,,N/A
1002017900,"Heitzman, Anthony",1/4/84,Male,US Citizen,White,MA,2149,Single,Production,Ketsia Liebig,Production Technician I,3,Fully Meets,19,Social Networks - Facebook Twitter etc,Active,8/13/16,,N/A
1408069882,"Ivey, Rose",1/28/91,Female,US Citizen,White,MA,1775,Single,Production,Brannon Miller,Production Technician I,3,Fully Meets,16,Professional Society,Active,8/19/17,,N/A
1201031438,"Jackson, Maryellen",9/11/72,Female,US Citizen,White,MA,2081,Single,Production,David Stanley,Production Technician I,3,Fully Meets,20,Newspager/Magazine,Active,11/5/16,,N/A
1503072857,"Jacobi, Hannah",3/22/66,Female,US Citizen,White,MA,1778,Divorced,Production,Kissy Sullivan,Production Technician I,3,Fully Meets,21,Employee Referral,Active,9/30/17,,N/A
1412071713,"Jhaveri, Sneha",4/13/64,Female,US Citizen,White,MA,2109,Separated,Production,Kelley Spirea,Production Technician I,3,Fully Meets,19,On-campus Recruiting,Active,1/6/18,,N/A
1105025721,"Johnson, George",8/19/59,Male,US Citizen,White,MA,2445,Married,Production,Michael Albert,Production Technician I,4,Exceeds,17,Monster.com,Voluntarily Terminated,11/7/15,4/29/20,More Money
1107027450,"Jung, Judy",4/17/86,Female,US Citizen,White,MA,2446,Married,Production,Elijiah Gray,Production Technician I,3,Fully Meets,21,Monster.com,Voluntarily Terminated,1/10/15,4/1/20,Unhappy
1301052462,"Keatts, Kramer",1/19/76,Male,US Citizen,White,MA,1887,Single,Production,Michael Albert,Production Technician I,3,Fully Meets,19,Billboard,Active,9/30/17,,N/A
710007401,"Kinsella, Kathleen",12/8/73,Female,US Citizen,White,MA,2170,Married,Production,Webster Butler,Production Technician I,3,Fully Meets,22,Search Engine - Google Bing Yahoo,Voluntarily Terminated,9/26/15,6/4/19,More Money
903013071,"Kirill, Alexandra",10/8/70,Female,US Citizen,White,MA,2127,Married,Production,Amy Dunn,Production Technician I,3,Fully Meets,24,Search Engine - Google Bing Yahoo,Voluntarily Terminated,9/26/15,1/9/16,More Money
1304055683,"Knapp, Bradley  J",11/10/77,Male,US Citizen,African American,MA,1721,Single,Production,Ketsia Liebig,Production Technician I,3,Fully Meets,14,On-campus Recruiting,Active,2/17/18,,N/A
1311062610,"Kretschmer, John",2/2/80,Male,US Citizen,Asian,MA,1801,Married,Production,Brannon Miller,Production Technician I,3,Fully Meets,21,Pay Per Click - Google,Active,1/10/15,,N/A
1304055987,"Langton, Enrico",12/9/86,Male,US Citizen,White,MA,2048,Married,Production,David Stanley,Production Technician I,3,Fully Meets,17,Newspager/Magazine,Active,7/9/16,,N/A
1408069409,"Leach, Dallas",1/17/79,Female,US Citizen,Asian,MA,1810,Single,Production,Kissy Sullivan,Production Technician I,3,Fully Meets,19,Monster.com,Voluntarily Terminated,9/26/15,8/19/17,Return to School
1107027575,"LeBel, Jonathan  R",10/18/81,Male,US Citizen,White,MA,2050,Single,Production,Kelley Spirea,Production Technician I,3,Fully Meets,15,Social Networks - Facebook Twitter etc,Terminated for Cause,2/21/15,8/4/15,Attitude
1206042315,"Linares, Marilyn",3/26/81,Female,US Citizen,White,MA,1886,Married,Production,Michael Albert,Production Technician I,0,N/A,15.25,Internet Search,Voluntarily Terminated,7/5/15,9/26/15,Unhappy
1101023353,"Lydon, Allison",10/22/75,Female,US Citizen,African American,MA,2122,Married,Production,Elijiah Gray,Production Technician I,3,Fully Meets,20,Website Banner Ads,Leave of Absence,2/16/19,,N/A
1001138521,"Lynch, Lindsay",2/14/73,Female,US Citizen,Hispanic,MA,1844,Single,Production,Webster Butler,Production Technician I,4,Exceeds,19,Diversity Job Fair,Voluntarily Terminated,11/7/15,11/14/19,Another Position / Career Change
1201031032,"MacLennan, Samuel",11/9/72,Male,US Citizen,White,MA,1938,Widowed,Production,Amy Dunn,Production Technician I,0,N/A,15,Pay Per Click,Voluntarily Terminated,9/24/16,9/26/16,Working Hours
1209049259,"Mahoney, Lauren",7/7/86,Female,US Citizen,White,MA,2189,Single,Production,Ketsia Liebig,Production Technician I,3,Fully Meets,17,Newspager/Magazine,Active,1/6/18,,N/A
1308060754,"Mangal, Debbie",11/7/74,Female,US Citizen,White,MA,2451,Married,Production,Brannon Miller,Production Technician I,3,Fully Meets,23,On-campus Recruiting,Active,11/11/17,,N/A
1401064327,"Maurice, Shana",11/22/77,Female,US Citizen,White,MA,2330,Married,Production,David Stanley,Production Technician I,3,Fully Meets,20,Other,Active,5/31/15,,N/A
909015167,"Mckenna, Sandy",1/7/87,Female,US Citizen,African American,MA,2184,Married,Production,Kissy Sullivan,Production Technician I,3,Fully Meets,24,Monster.com,Active,1/7/17,,N/A
1409070245,"Meads, Elizabeth",5/30/68,Female,US Citizen,African American,MA,1760,Single,Production,Kelley Spirea,Production Technician I,3,Fully Meets,14,Diversity Job Fair,Voluntarily Terminated,4/2/16,11/11/19,Another Position / Career Change
1109029256,"Medeiros, Jennifer",9/22/76,Female,US Citizen,White,MA,2346,Single,Production,Michael Albert,Production Technician I,0,N/A,20,Monster.com,Active,3/30/19,,N/A
1102024121,"Motlagh,  Dawn",7/7/84,Female,US Citizen,White,MA,2453,Divorced,Production,Elijiah Gray,Production Technician I,3,Fully Meets,15,MBTA ads,Active,4/1/17,,N/A
1204033041,"Ndzi, Colombui",5/2/89,Male,US Citizen,African American,MA,2110,Single,Production,Webster Butler,Production Technician I,3,Fully Meets,18,Diversity Job Fair,Voluntarily Terminated,9/26/15,4/4/18,Return to School
1204927150,"Ndzi, Horia",3/28/83,Male,US Citizen,White,MA,2421,Married,Production,Amy Dunn,Production Technician I,3,Fully Meets,22,Employee Referral,Voluntarily Terminated,4/1/17,5/25/20,More Money
1302053044,"Newman, Richard",4/8/77,Male,US Citizen,White,MA,2136,Married,Production,Ketsia Liebig,Production Technician I,3,Fully Meets,21,On-campus Recruiting,Leave of Absence,5/12/18,,N/A
1403066020,"Ngodup, Shari",6/3/67,Female,US Citizen,Asian,MA,1810,Separated,Production,Brannon Miller,Production Technician I,4,Exceeds,15,Diversity Job Fair,Active,4/1/17,,N/A
1203032357,"Nguyen, Lei-Ming",7/7/84,Female,US Citizen,White,MA,2132,Single,Production,David Stanley,Production Technician I,3,Fully Meets,19,Vendor Referral,Active,7/8/17,,N/A
1206044851,"O'hare, Lynn",9/30/80,Female,US Citizen,Hispanic,MA,2152,Single,Production,Kissy Sullivan,Production Technician I,1,Performance Improvement Plan,18.5,Professional Society,Terminated for Cause,3/31/18,5/1/20,Performance
1404066949,"Osturnka, Adeel",12/11/76,Male,US Citizen,White,MA,2478,Married,Production,Kelley Spirea,Production Technician I,4,Exceeds,16,On-campus Recruiting,Active,9/30/17,,N/A
1103024335,"Owad, Clinton",11/24/79,Male,US Citizen,African American,MA,1760,Single,Production,Michael Albert,Production Technician I,2,Needs Improvement,22,MBTA ads,Active,2/17/18,,N/A
1109029531,"Panjwani, Nina",5/1/79,Female,US Citizen,White,MA,2351,Married,Production,Elijiah Gray,Production Technician I,3,Fully Meets,18,Social Networks - Facebook Twitter etc,Voluntarily Terminated,2/7/15,1/12/18,Another Position / Career Change
1307060058,"Pelech, Emil",3/17/88,Male,US Citizen,African American,MA,2458,Single,Production,Webster Butler,Production Technician I,2,Needs Improvement,24,Search Engine - Google Bing Yahoo,Voluntarily Terminated,1/10/15,12/28/16,Another Position / Career Change
1109029186,"Perry, Shakira",7/20/86,Female,US Citizen,White,MA,2176,Single,Production,Amy Dunn,Production Technician I,3,Fully Meets,22,MBTA ads,Voluntarily Terminated,5/16/15,10/25/19,Medical Issues
1307059944,"Peterson, Kayla",9/23/73,Female,US Citizen,White,MA,1749,Married,Production,Ketsia Liebig,Production Technician I,3,Fully Meets,17,Search Engine - Google Bing Yahoo,Active,4/26/14,,N/A
1305057440,"Pham, Hong",3/6/88,Male,US Citizen,White,MA,2451,Married,Production,Brannon Miller,Production Technician I,3,Fully Meets,18,Search Engine - Google Bing Yahoo,Voluntarily Terminated,7/5/15,11/30/16,More Money
1001735072,"Pitt, Brad",11/23/81,Male,US Citizen,African American,MA,2451,Single,Production,David Stanley,Production Technician I,3,Fully Meets,17,Search Engine - Google Bing Yahoo,Active,11/5/11,,N/A
1102024274,"Power, Morissa",10/15/84,Female,Eligible NonCitizen,Asian,MA,1742,Divorced,Production,Kissy Sullivan,Production Technician I,0,N/A,19,Social Networks - Facebook Twitter etc,Voluntarily Terminated,5/16/15,6/4/15,Another Position / Career Change
1401064562,"Punjabhi, Louis",6/19/61,Male,US Citizen,White,MA,2109,Single,Production,Kelley Spirea,Production Technician I,3,Fully Meets,16,Employee Referral,Active,1/6/18,,N/A
1011022926,"Purinton, Janine",9/22/70,Female,US Citizen,White,MA,2474,Divorced,Production,Kissy Sullivan,Production Technician I,3,Fully Meets,16,Billboard,Voluntarily Terminated,9/24/16,6/18/17,Unhappy
1208048229,"Rarrick, Quinn",12/31/84,Male,US Citizen,White,MA,2478,Divorced,Production,Michael Albert,Production Technician I,3,Fully Meets,21,Pay Per Click - Google,Voluntarily Terminated,9/26/15,4/7/16,More Money
1211050793,"Rhoads, Thomas",7/22/82,Male,US Citizen,White,MA,2176,Divorced,Production,Elijiah Gray,Production Technician I,3,Fully Meets,20,Professional Society,Voluntarily Terminated,5/16/15,1/15/20,Retire
1405067642,"Rivera, Haley",1/12/73,Female,US Citizen,Asian,MA,2171,Married,Production,Webster Butler,Production Technician I,4,Exceeds,22,Search Engine - Google Bing Yahoo,Active,11/28/15,,N/A
1206038000,"Robinson, Alain",1/7/74,Male,US Citizen,African American,MA,1420,Married,Production,Amy Dunn,Production Technician I,3,Fully Meets,24,Glassdoor,Voluntarily Terminated,1/10/15,1/26/20,Attitude
1403065625,"Robinson, Cherly",1/7/85,Female,US Citizen,White,MA,1460,Married,Production,Ketsia Liebig,Production Technician I,2,Needs Improvement,16,Glassdoor,Terminated for Cause,1/10/15,5/17/20,Attitude
1011022887,"Robinson, Elias",1/28/85,Male,US Citizen,White,MA,1730,Widowed,Production,Brannon Miller,Production Technician I,5,Exceptional,17,Employee Referral,Active,7/8/17,,N/A
710007555,"Rose, Ashley",12/5/74,Female,US Citizen,White,MA,1886,Separated,Production,David Stanley,Production Technician I,3,Fully Meets,17,Website Banner Ads,Active,1/6/18,,N/A
1405067492,"Rossetti, Bruno",3/18/87,Male,US Citizen,White,MA,2155,Single,Production,Kissy Sullivan,Production Technician I,3,Fully Meets,18,Search Engine - Google Bing Yahoo,Voluntarily Terminated,4/4/15,8/13/16,Another Position / Career Change
1410070998,"Saar-Beckles, Melinda",6/6/68,Female,US Citizen,African American,MA,1801,Single,Production,Kelley Spirea,Production Technician I,0,N/A,20,Diversity Job Fair,Active,7/4/20,,N/A
1308060535,"Sadki, Nore",12/21/74,Male,US Citizen,White,MA,2148,Single,Production,Michael Albert,Production Technician I,3,Fully Meets,21,Word of Mouth,Voluntarily Terminated,1/5/13,7/30/14,Relocation out of Area
1302053362,"Sander, Kamrin",7/10/88,Female,US Citizen,African American,MA,2154,Married,Production,Elijiah Gray,Production Technician I,3,Fully Meets,21,On-campus Recruiting,Active,9/29/18,,N/A
807010161,"Sewkumar, Nori",3/10/75,Female,US Citizen,Asian,MA,2191,Single,Production,Webster Butler,Production Technician I,3,Fully Meets,15.2,Search Engine - Google Bing Yahoo,Leave of Absence,9/30/17,,N/A
1205033102,"Shields, Seffi",8/24/85,Female,US Citizen,White,MA,2149,Married,Production,Amy Dunn,Production Technician I,3,Fully Meets,15,Newspager/Magazine,Active,8/19/17,,N/A
1501071909,"Smith, Sade",2/2/65,Female,US Citizen,White,MA,2130,Single,Production,Ketsia Liebig,Production Technician I,3,Fully Meets,24.5,Employee Referral,Active,11/11/17,,N/A
1410071137,"Sparks, Taylor",7/20/68,Female,US Citizen,White,MA,2093,Married,Production,Brannon Miller,Production Technician I,1,Performance Improvement Plan,16,Billboard,Active,2/20/16,,N/A
1405067138,"Squatrito, Kristen",3/26/73,Female,US Citizen,White,MA,2359,Divorced,Production,David Stanley,Production Technician I,4,Exceeds,21,MBTA ads,Voluntarily Terminated,5/13/17,6/29/19,Unhappy
1111030244,"Stanford,Barbara  M",8/25/82,Female,US Citizen,Hispanic,MA,2050,Divorced,Production,Kissy Sullivan,Production Technician I,3,Fully Meets,14,Word of Mouth,Active,1/10/15,,N/A
1106026896,"Stoica, Rick",3/14/85,Male,US Citizen,Asian,MA,2301,Married,Production,Kelley Spirea,Production Technician I,3,Fully Meets,22,On-campus Recruiting,Active,2/17/18,,N/A
1201031310,"Sullivan, Timothy",10/7/82,Male,US Citizen,White,MA,2747,Married,Production,Michael Albert,Production Technician I,3,Fully Meets,19,Word of Mouth,Active,1/5/19,,N/A
1407069061,"Sutwell, Barbara",8/15/68,Female,Eligible NonCitizen,Asian,MA,2718,Single,Production,Elijiah Gray,Production Technician I,3,Fully Meets,14,Glassdoor,Active,5/14/16,,N/A
1405067501,"Tavares, Desiree",4/3/75,Female,Non-Citizen,Hispanic,MA,1801,Married,Production,Webster Butler,Production Technician I,3,Fully Meets,15,Diversity Job Fair,Voluntarily Terminated,4/27/13,4/1/17,Another Position / Career Change
1404066739,"Theamstern, Sophia",5/9/65,Female,US Citizen,White,MA,2066,Single,Production,Amy Dunn,Production Technician I,0,N/A,20,Billboard,Voluntarily Terminated,7/5/15,9/5/15,Return to School
1103024504,"Tinto, Theresa",7/30/83,Female,US Citizen,White,MA,1876,Divorced,Production,Ketsia Liebig,Production Technician I,3,Fully Meets,20,Social Networks - Facebook Twitter etc,Voluntarily Terminated,1/10/15,5/14/15,Another Position / Career Change
1409070255,"Tippett, Jeanette",6/5/67,Female,US Citizen,African American,MA,2093,Divorced,Production,Brannon Miller,Production Technician I,3,Fully Meets,24,Billboard,Active,2/18/17,,N/A
1012023152,"Trang, Mei",5/16/83,Female,US Citizen,White,MA,2021,Single,Production,David Stanley,Production Technician I,0,N/A,22,Professional Society,Active,2/17/18,,N/A
1203032235,"Veera, Abdellah",1/31/87,Male,US Citizen,White,MA,2171,Divorced,Production,Kissy Sullivan,Production Technician I,4,Exceeds,19,Information Session,Voluntarily Terminated,8/13/16,2/5/20,No Return after Maternity Leave
1011022814,"Volk, Colleen",6/3/86,Female,US Citizen,White,MA,2747,Married,Production,Kelley Spirea,Production Technician I,4,Exceeds,21,Social Networks - Facebook Twitter etc,Terminated for Cause,9/26/15,2/8/20,Gross Misconduct
1106026474,"Von Massenbach, Anna",4/6/85,Female,US Citizen,White,MA,2124,Single,Production,Michael Albert,Production Technician I,0,N/A,20,Newspager/Magazine,Active,7/5/19,,N/A
1101023619,"Wallace, Theresa",8/2/80,Female,US Citizen,White,MA,1887,Single,Production,Elijiah Gray,Production Technician I,2,Needs Improvement,15,Monster.com,Voluntarily Terminated,8/13/16,9/1/19,Another Position / Career Change
1307060212,"Whittier, Scott",5/24/87,Male,US Citizen,White,MA,2030,Single,Production,Webster Butler,Production Technician I,3,Fully Meets,23,Newspager/Magazine,Voluntarily Terminated,1/10/15,5/15/15,Working Hours
1101023839,"Wilber, Barry",9/9/65,Male,Eligible NonCitizen,White,MA,2324,Married,Production,Amy Dunn,Production Technician I,3,Fully Meets,21,Website Banner Ads,Voluntarily Terminated,5/16/15,9/7/19,Unhappy
1308060671,"Williams, Jacquelyn",10/2/69,Female,US Citizen,Hispanic,MA,2109,Single,Production,Ketsia Liebig,Production Technician I,3,Fully Meets,16,Diversity Job Fair,Voluntarily Terminated,1/9/16,6/27/19,Relocation out of Area
1001268402,"Ybarra, Catherine",5/4/82,Female,US Citizen,Asian,MA,2458,Single,Production,Brannon Miller,Production Technician I,1,Performance Improvement Plan,22,Search Engine - Google Bing Yahoo,Voluntarily Terminated,9/2/12,9/29/19,Another Position / Career Change
1211051232,"Zima, Colleen",8/17/78,Female,US Citizen,Asian,MA,1730,Widowed,Production,David Stanley,Production Technician I,3,Fully Meets,15,On-campus Recruiting,Active,9/29/18,,N/A
1005019209,"Akinkuolie, Sarah",9/19/88,Female,US Citizen,White,MA,1810,Married,Production,Kissy Sullivan,Production Technician II,3,Fully Meets,29,Newspager/Magazine,Voluntarily Terminated,7/5/15,9/24/16,Working Hours
1303054329,"Beak, Kimberly",4/17/66,Female,US Citizen,White,MA,2145,Married,Production,Kelley Spirea,Production Technician II,4,Exceeds,27,Employee Referral,Active,7/21/20,,N/A
1403066125,"Blount, Dianna",9/21/90,Female,US Citizen,White,MA,2171,Single,Production,Michael Albert,Production Technician II,2,Needs Improvement,27,Monster.com,Active,4/4/15,,N/A
1008021030,"Bondwell, Betsy",1/16/67,Female,US Citizen,White,MA,2210,Single,Production,Elijiah Gray,Production Technician II,3,Fully Meets,26,Search Engine - Google Bing Yahoo,Voluntarily Terminated,1/10/15,4/4/18,Another Position / Career Change
1101023457,"Buccheri, Joseph",7/28/83,Male,US Citizen,White,MA,1013,Single,Production,Webster Butler,Production Technician II,3,Fully Meets,22,Word of Mouth,Active,9/29/18,,N/A
1011022820,"Burke, Joelle",3/2/80,Female,US Citizen,African American,MA,2148,Single,Production,Amy Dunn,Production Technician II,3,Fully Meets,25,Employee Referral,Active,3/5/16,,N/A
1301052449,"Burkett, Benjamin",8/19/77,Male,US Citizen,White,MA,1890,Married,Production,Ketsia Liebig,Production Technician II,3,Fully Meets,26,Careerbuilder,Active,4/4/15,,N/A
1012023226,"Cloninger, Jennifer",8/31/81,Female,US Citizen,White,MA,1752,Married,Production,Brannon Miller,Production Technician II,3,Fully Meets,25,Word of Mouth,Voluntarily Terminated,5/16/15,1/7/17,Unhappy
1209048697,"Close, Phil",11/25/78,Male,US Citizen,White,MA,2169,Married,Production,David Stanley,Production Technician II,3,Fully Meets,26,Other,Voluntarily Terminated,8/30/14,9/26/15,Another Position / Career Change
1201031274,"Davis, Daniel",9/14/79,Male,Eligible NonCitizen,Hispanic,MA,2458,Single,Production,Kissy Sullivan,Production Technician II,3,Fully Meets,25,Newspager/Magazine,Active,11/7/15,,N/A
1104025179,"Demita, Carla",2/25/51,Female,US Citizen,African American,MA,2343,Separated,Production,Kelley Spirea,Production Technician II,3,Fully Meets,29,Search Engine - Google Bing Yahoo,Voluntarily Terminated,4/4/15,11/4/19,More Money
1105025661,"Erilus, Angela",8/25/89,Female,US Citizen,White,MA,2133,Separated,Production,Michael Albert,Production Technician II,1,Performance Improvement Plan,24,Pay Per Click - Google,Active,7/7/18,,N/A
1108028428,"Faller, Megan",9/22/78,Female,US Citizen,African American,MA,1824,Married,Production,Elijiah Gray,Production Technician II,3,Fully Meets,27,Professional Society,Active,7/7/18,,N/A
1402065085,"Fancett, Nicole",9/27/87,Female,US Citizen,African American,MA,2324,Single,Production,Webster Butler,Production Technician II,3,Fully Meets,24,Newspager/Magazine,Active,2/17/18,,N/A
1109029103,"Fitzpatrick, Michael  J",10/1/81,Male,US Citizen,White,MA,2143,Single,Production,Amy Dunn,Production Technician II,3,Fully Meets,29,Social Networks - Facebook Twitter etc,Voluntarily Terminated,5/16/15,6/24/17,Working Hours
1012023204,"Foreman, Tanya",11/8/83,Female,US Citizen,White,MA,2170,Married,Production,Ketsia Liebig,Production Technician II,3,Fully Meets,24,Word of Mouth,Voluntarily Terminated,4/4/15,1/9/16,Another Position / Career Change
1411071324,"Gonzalez, Juan",10/12/64,Male,US Citizen,African American,MA,2128,Married,Production,Brannon Miller,Production Technician II,1,Performance Improvement Plan,29,Diversity Job Fair,Voluntarily Terminated,4/26/14,5/30/15,Another Position / Career Change
1001549006,"Good, Susan",5/25/86,Female,US Citizen,White,MA,1886,Married,Production,David Stanley,Production Technician II,3,Fully Meets,24.25,Professional Society,Leave of Absence,5/12/18,,N/A
1108028351,"Gosciminski, Phylicia",12/8/83,Female,US Citizen,Hispanic,MA,1824,Separated,Production,Kissy Sullivan,Production Technician II,3,Fully Meets,27,Word of Mouth,Leave of Absence,9/30/17,,N/A
1307059937,"Hankard, Earnest",8/10/88,Male,US Citizen,White,MA,2155,Single,Production,Kelley Spirea,Production Technician II,3,Fully Meets,24,Newspager/Magazine,Active,11/11/17,,N/A
1011022932,"Hendrickson, Trina",8/27/72,Female,US Citizen,White,MA,2021,Single,Production,Kelley Spirea,Production Technician II,3,Fully Meets,24,Monster.com,Voluntarily Terminated,1/10/15,2/18/17,Working Hours
1207046956,"Homberger, Adrienne  J",2/16/84,Female,Non-Citizen,White,MA,2445,Married,Production,Michael Albert,Production Technician II,3,Fully Meets,28,Glassdoor,Voluntarily Terminated,8/15/15,4/7/16,Relocation out of Area
1106026433,"Hunts, Julissa",3/11/84,Female,US Citizen,White,MA,2021,Single,Production,Elijiah Gray,Production Technician II,0,N/A,25,Vendor Referral,Active,6/6/20,,N/A
1103024924,"Hutter, Rosalie",5/7/92,Female,US Citizen,White,MA,2351,Separated,Production,Webster Butler,Production Technician II,0,N/A,28,Other,Active,6/5/19,,N/A
1306058509,"Huynh, Ming",9/22/76,Female,US Citizen,White,MA,1742,Divorced,Production,Amy Dunn,Production Technician II,3,Fully Meets,23,Search Engine - Google Bing Yahoo,Voluntarily Terminated,2/21/15,4/1/17,Unhappy
1008020942,"Jeannite, Tayana",11/6/86,Female,US Citizen,Hispanic,MA,1821,Divorced,Production,Ketsia Liebig,Production Technician II,4,Exceeds,22.5,MBTA ads,Active,7/5/15,,N/A
1306057810,"Johnston, Yen",9/8/69,Female,US Citizen,White,MA,2128,Single,Production,Brannon Miller,Production Technician II,5,Exceptional,25,Professional Society,Active,7/7/18,,N/A
1010022030,"Langford, Lindsey",7/25/79,Female,US Citizen,Asian,MA,2090,Divorced,Production,David Stanley,Production Technician II,3,Fully Meets,22,Glassdoor,Voluntarily Terminated,1/7/17,3/31/18,Another Position / Career Change
1104025486,"Latif, Mohammed",5/9/84,Male,US Citizen,White,MA,2126,Married,Production,Kissy Sullivan,Production Technician II,3,Fully Meets,28,Word of Mouth,Voluntarily Terminated,4/2/16,4/15/17,More Money
1405067565,"Linden, Mathew",3/19/79,Male,US Citizen,White,MA,1770,Married,Production,Kelley Spirea,Production Technician II,3,Fully Meets,22,Information Session,Leave of Absence,7/8/17,,N/A
1305056276,"Lundy, Susan",12/26/76,Female,US Citizen,White,MA,2122,Widowed,Production,Michael Albert,Production Technician II,0,N/A,24,On-campus Recruiting,Voluntarily Terminated,7/8/17,9/15/17,More Money
1001504432,"Lunquist, Lisa",3/28/82,Female,US Citizen,African American,MA,2324,Single,Production,Elijiah Gray,Production Technician II,4,Exceeds,26.1,Glassdoor,Active,8/19/17,,N/A
1110029623,"Manchester, Robyn",8/25/76,Female,US Citizen,White,MA,2324,Married,Production,Webster Butler,Production Technician II,0,N/A,23,Vendor Referral,Active,5/11/20,,N/A
1304055986,"Mancuso, Karen",12/10/86,Female,US Citizen,Hispanic,MA,2176,Married,Production,Amy Dunn,Production Technician II,0,N/A,23,Newspager/Magazine,Voluntarily Terminated,7/5/15,8/19/15,Another Position / Career Change
1406067957,"McCarthy, Brigit",5/21/87,Female,US Citizen,White,MA,2149,Single,Production,Ketsia Liebig,Production Technician II,0,N/A,26,Newspager/Magazine,Active,3/30/19,,N/A
1205033439,"Miller, Ned",6/29/85,Male,US Citizen,White,MA,2472,Single,Production,Brannon Miller,Production Technician II,1,Performance Improvement Plan,25,MBTA ads,Voluntarily Terminated,8/15/15,9/4/18,Unhappy
1404066711,"Monkfish, Erasumus",8/17/92,Male,US Citizen,White,MA,1450,Married,Production,David Stanley,Production Technician II,3,Fully Meets,27,Professional Society,Active,11/7/15,,N/A
1001103149,"Monterro, Luisa",4/24/70,Female,US Citizen,African American,MA,2126,Single,Production,Kissy Sullivan,Production Technician II,5,Exceptional,25,Billboard,Active,5/13/17,,N/A
1408069503,"Moran, Patrick",12/3/76,Male,US Citizen,Hispanic,MA,2127,Single,Production,Kelley Spirea,Production Technician II,3,Fully Meets,26,Diversity Job Fair,Leave of Absence,1/9/16,,N/A
1301052436,"Moumanil, Maliki",12/1/74,Male,US Citizen,African American,MA,1460,Separated,Production,Michael Albert,Production Technician II,3,Fully Meets,29,On-campus Recruiting,Active,5/13/17,,N/A
1104025435,"Nowlan, Kristie",11/23/85,Female,US Citizen,White,MA,1040,Single,Production,Elijiah Gray,Production Technician II,3,Fully Meets,26.39,Glassdoor,Active,11/10/18,,N/A
1001856521,"Oliver, Brooke",2/11/52,Female,US Citizen,Asian,MA,2492,Married,Production,Webster Butler,Production Technician II,3,Fully Meets,25,Newspager/Magazine,Voluntarily Terminated,5/14/16,8/19/17,Unhappy
1202031821,"Pelletier, Ermine",7/18/89,Female,US Citizen,Asian,MA,2472,Married,Production,Amy Dunn,Production Technician II,0,N/A,28,Monster.com,Voluntarily Terminated,7/5/15,9/15/15,Unhappy
1411071406,"Peters, Lauren",8/17/86,Female,US Citizen,White,MA,1886,Married,Production,Ketsia Liebig,Production Technician II,4,Exceeds,29,Pay Per Click - Google,Voluntarily Terminated,5/16/15,2/4/16,More Money
1103024843,"Petingill, Shana",3/10/79,Female,Eligible NonCitizen,Asian,MA,2050,Married,Production,Brannon Miller,Production Technician II,3,Fully Meets,26,MBTA ads,Active,4/2/16,,N/A
1402065340,"Roberson, May",9/5/81,Female,Eligible NonCitizen,White,MA,1902,Divorced,Production,David Stanley,Production Technician II,0,N/A,26,Search Engine - Google Bing Yahoo,Voluntarily Terminated,9/26/15,10/22/15,Return to School
1499902991,"Robertson, Peter",7/3/72,Male,US Citizen,White,MA,2138,Married,Production,Kissy Sullivan,Production Technician II,3,Fully Meets,22,Glassdoor,Voluntarily Terminated,7/5/15,2/8/16,Another Position / Career Change
1106026462,"Sahoo, Adil",4/26/86,Male,US Citizen,White,MA,2062,Married,Production,Kelley Spirea,Production Technician II,3,Fully Meets,29,Monster.com,Active,8/30/14,,N/A
1012023103,"Sloan, Constance",11/25/87,Female,US Citizen,White,MA,1851,Single,Production,Michael Albert,Production Technician II,3,Fully Meets,23,Monster.com,Voluntarily Terminated,10/26/13,4/8/19,No Return after Maternity Leave
1001970770,"Smith, Joe",10/30/63,Male,US Citizen,White,MA,2045,Single,Production,Elijiah Gray,Production Technician II,4,Exceeds,22,Pay Per Click - Google,Active,9/29/18,,N/A
1406068345,"Tejeda, Lenora",5/24/53,Female,US Citizen,White,MA,2129,Married,Production,Elijiah Gray,Production Technician II,3,Fully Meets,28.75,Search Engine - Google Bing Yahoo,Voluntarily Terminated,5/16/15,7/8/16,Another Position / Career Change
1011022777,"Thibaud, Kenneth",9/16/75,Male,US Citizen,White,MA,2472,Widowed,Production,Webster Butler,Production Technician II,3,Fully Meets,23,Pay Per Click - Google,Voluntarily Terminated,6/25/11,8/30/14,Military
1107027551,"Trzeciak, Cybil",3/15/85,Female,US Citizen,White,MA,1778,Single,Production,Amy Dunn,Production Technician II,3,Fully Meets,22,Vendor Referral,Voluntarily Terminated,1/10/15,7/2/16,Unhappy
1011022818,"Walker, Roger",2/10/76,Male,US Citizen,African American,MA,2459,Single,Production,Ketsia Liebig,Production Technician II,3,Fully Meets,22,Employee Referral,Active,8/18/18,,N/A
1405067188,"Winthrop, Jordan",11/7/58,Male,US Citizen,White,MA,2045,Single,Production,Brannon Miller,Production Technician II,4,Exceeds,29,Professional Society,Voluntarily Terminated,1/7/17,2/21/20,Retire
1205033180,"Wolk, Hang  T",4/20/85,Female,US Citizen,White,MA,2302,Single,Production,David Stanley,Production Technician II,3,Fully Meets,22,Newspager/Magazine,Active,9/29/18,,N/A
1012023010,"Woodson, Jason",5/11/85,Male,US Citizen,White,MA,1810,Single,Production,Kissy Sullivan,Production Technician II,3,Fully Meets,24.25,Vendor Referral,Active,7/7/18,,N/A
1504073313,"Buck, Edward",7/7/75,Male,US Citizen,White,MA,2330,Married,Sales,Lynn Daneault,Area Sales Manager,3,Fully Meets,55,Employee Referral,Active,9/29/18,,N/A
1504073368,"Bunbury, Jessica",6/1/64,Female,Eligible NonCitizen,African American,VA,21851,Married,Sales,John Smith,Area Sales Manager,3,Fully Meets,55,Social Networks - Facebook Twitter etc,Voluntarily Terminated,8/15/15,8/2/18,Another Position / Career Change
1403065721,"Carter, Michelle",5/15/63,Female,US Citizen,White,VT,5664,Single,Sales,John Smith,Area Sales Manager,3,Fully Meets,55,Billboard,Active,8/18/18,,N/A
1409070567,"Costa, Latia",11/8/88,Female,US Citizen,White,CA,90007,Single,Sales,Lynn Daneault,Area Sales Manager,4,Exceeds,55,Other,Active,1/10/15,,N/A
1408069481,"Dietrich, Jenna",5/14/87,Female,US Citizen,White,WA,98052,Single,Sales,John Smith,Area Sales Manager,1,Performance Improvement Plan,55,Website Banner Ads,Active,2/20/16,,N/A
1306059197,"Digitale, Alfred",9/14/88,Male,US Citizen,Hispanic,NH,3062,Married,Sales,John Smith,Area Sales Manager,3,Fully Meets,56,Pay Per Click - Google,Active,8/18/18,,N/A
1411071302,"Fraval, Maruk",8/28/63,Male,US Citizen,African American,CT,6050,Single,Sales,Lynn Daneault,Area Sales Manager,3,Fully Meets,55,Monster.com,Active,9/6/15,,N/A
1204032843,"Friedman, Gerry",2/24/69,Male,US Citizen,Hispanic,NY,10171,Single,Sales,John Smith,Area Sales Manager,3,Fully Meets,55.5,Diversity Job Fair,Active,3/7/15,,N/A
1302053046,"Gill, Whitney",7/10/71,Female,US Citizen,African American,OH,43050,Widowed,Sales,John Smith,Area Sales Manager,3,Fully Meets,55,Monster.com,Terminated for Cause,7/7/18,9/5/19,Attitude
1203032099,"Givens, Myriam",9/22/89,Female,US Citizen,White,IN,46204,Single,Sales,Lynn Daneault,Area Sales Manager,3,Fully Meets,55,Pay Per Click - Google,Active,2/16/19,,N/A
1411071481,"Gonzales, Ricardo",10/12/54,Male,US Citizen,White,ID,83706,Married,Sales,John Smith,Area Sales Manager,3,Fully Meets,55.5,Monster.com,Active,5/12/18,,N/A
1001167253,"Guilianno, Mike",2/9/69,Male,US Citizen,Hispanic,TN,37129,Single,Sales,John Smith,Area Sales Manager,3,Fully Meets,55,Newspager/Magazine,Voluntarily Terminated,3/7/15,10/31/18,Relocation out of Area
1001084890,Jeremy Prater,5/9/74,Male,US Citizen,White,NV,89139,Married,Sales,Lynn Daneault,Area Sales Manager,1,Performance Improvement Plan,56,Website Banner Ads,Active,5/12/18,,N/A
1104025008,"Khemmich, Bartholemew",11/27/79,Male,US Citizen,White,CO,80820,Single,Sales,Lynn Daneault,Area Sales Manager,3,Fully Meets,55,Pay Per Click - Google,Active,8/19/17,,N/A
1412071660,"Leruth, Giovanni",12/27/88,Male,US Citizen,African American,UT,84111,Separated,Sales,John Smith,Area Sales Manager,3,Fully Meets,55,Website Banner Ads,Active,4/30/16,,N/A
1209048771,"Martins, Joseph",6/11/70,Male,Eligible NonCitizen,African American,TX,78207,Single,Sales,Lynn Daneault,Area Sales Manager,3,Fully Meets,56,Employee Referral,Active,5/14/16,,N/A
1209049326,"McKinzie, Jac",7/1/84,Male,US Citizen,Hispanic,TX,78789,Married,Sales,Lynn Daneault,Area Sales Manager,0,N/A,55,Website Banner Ads,Active,7/6/20,,N/A
1306057978,"Mullaney, Howard",11/2/75,Male,US Citizen,Hispanic,AL,36006,Single,Sales,John Smith,Area Sales Manager,2,Needs Improvement,55,Internet Search,Active,9/29/18,,N/A
1111030684,"Nguyen, Dheepa",3/31/89,Female,US Citizen,Hispanic,GA,30428,Single,Sales,Lynn Daneault,Area Sales Manager,3,Fully Meets,55,Pay Per Click - Google,Active,7/8/17,,N/A
1501072180,"Onque, Jasmine",5/11/90,Female,US Citizen,White,FL,33174,Single,Sales,Lynn Daneault,Area Sales Manager,3,Fully Meets,57,Pay Per Click - Google,Active,9/30/17,,N/A
812011761,"Ozark, Travis",5/19/82,Male,US Citizen,White,NC,27229,Single,Sales,John Smith,Area Sales Manager,3,Fully Meets,55,Website Banner Ads,Active,1/5/19,,N/A
1102024106,"Potts, Xana",8/29/88,Female,US Citizen,African American,KY,40220,Married,Sales,Lynn Daneault,Area Sales Manager,3,Fully Meets,55,Website Banner Ads,Active,1/9/16,,N/A
1502072711,"Riordan, Michael",1/15/68,Male,US Citizen,White,ND,58782,Separated,Sales,Lynn Daneault,Area Sales Manager,4,Exceeds,55,Billboard,Active,1/9/10,,N/A
1411071295,"Strong, Caitrin",5/12/89,Female,US Citizen,African American,MT,59102,Married,Sales,John Smith,Area Sales Manager,3,Fully Meets,54,Professional Society,Active,9/27/14,,N/A
1401064637,"Terry, Sharlene",5/7/65,Female,US Citizen,African American,OR,97756,Single,Sales,Lynn Daneault,Area Sales Manager,3,Fully Meets,55,Monster.com,Active,9/29/18,,N/A
1312063714,"Valentin,Jackie",5/23/91,Female,US Citizen,Hispanic,AZ,85006,Married,Sales,John Smith,Area Sales Manager,3,Fully Meets,55,Other,Active,7/5/15,,N/A
1111030503,"Villanueva, Noah",7/11/89,Male,US Citizen,Asian,ME,4063,Single,Sales,John Smith,Area Sales Manager,3,Fully Meets,56,Website Banner Ads,Active,3/5/16,,N/A
1009021646,"Houlihan, Debra",3/17/66,Female,US Citizen,White,RI,2908,Married,Sales,Janet King,Director of Sales,3,Fully Meets,60,MBTA ads,Active,5/5/18,,N/A
1402065303,"Daneault, Lynn",4/19/90,Female,US Citizen,White,VT,5473,Single,Sales,Debra Houlihan,Sales Manager,3,Fully Meets,54,Pay Per Click - Google,Active,5/5/18,,N/A
1109029264,"Kampew, Donysha",11/11/89,Female,US Citizen,White,PA,19444,Single,Sales,Debra Houlihan,Sales Manager,3,Fully Meets,60.25,Social Networks - Facebook Twitter etc,Voluntarily Terminated,11/7/15,4/24/18,No Return after Maternity Leave
1499902910,"Smith, John",8/16/84,Male,US Citizen,African American,MA,1886,Divorced,Sales,Debra Houlihan,Sales Manager,2,Needs Improvement,56,Diversity Job Fair,Active,5/18/18,,N/A
1107027358,"Andreola, Colby",5/24/79,Female,US Citizen,White,MA,2110,Single,Software Engineering,Alex Sweetwater,Software Engineer,3,Fully Meets,47.6,Vendor Referral,Active,11/10/18,,N/A
1101023577,"Carabbio, Judith",4/5/87,Female,US Citizen,White,MA,2132,Single,Software Engineering,Alex Sweetwater,Software Engineer,3,Fully Meets,56,Pay Per Click - Google,Active,11/11/17,,N/A
1203032498,"Del Bosque, Keyla",7/5/79,Female,US Citizen,African American,MA,2176,Single,Software Engineering,Alex Sweetwater,Software Engineer,3,Fully Meets,57.12,Monster.com,Active,1/9/16,,N/A
1401064670,"Exantus, Susan",5/15/87,Female,US Citizen,African American,MA,1749,Married,Software Engineering,Alex Sweetwater,Software Engineer,2,Needs Improvement,48.5,Billboard,Terminated for Cause,5/2/15,6/5/17,Attitude
1303054625,"Martin, Sandra",11/7/87,Female,US Citizen,Asian,MA,2135,Single,Software Engineering,Alex Sweetwater,Software Engineer,3,Fully Meets,55.51,Search Engine - Google Bing Yahoo,Active,11/11/17,,N/A
1112030979,"Patronick, Luke",2/20/79,Male,US Citizen,Asian,MA,1844,Single,Software Engineering,Alex Sweetwater,Software Engineer,4,Exceeds,52.25,Diversity Job Fair,Voluntarily Terminated,11/7/15,9/7/19,Another Position / Career Change
1012023185,"Saada, Adell",7/24/86,Female,US Citizen,White,MA,2132,Married,Software Engineering,Alex Sweetwater,Software Engineer,3,Fully Meets,49.25,Pay Per Click - Google,Active,11/5/16,,N/A
1201031324,"Szabo, Andrew",5/6/83,Male,US Citizen,White,MA,2140,Single,Software Engineering,Alex Sweetwater,Software Engineer,5,Exceptional,48,MBTA ads,Active,7/7/18,,N/A
1102024057,"True, Edward",6/14/83,Male,Non-Citizen,African American,MA,2451,Single,Software Engineering,Alex Sweetwater,Software Engineer,3,Fully Meets,45.42,Diversity Job Fair,Voluntarily Terminated,2/18/17,4/15/18,Medical Issues
1001644719,"Sweetwater, Alex",11/22/66,Male,US Citizen,White,MA,2184,Single,Software Engineering,Jennifer Zamora,Software Engineering Manager,3,Fully Meets,27,Search Engine - Google Bing Yahoo,Active,8/15/15,,N/A
1009919920,"Champaigne, Brian",2/9/72,Male,US Citizen,White,MA,2045,Married,IT/IS,Jennifer Zamora,BI Director,3,Fully Meets,63.5,Professional Society,Active,9/6/20,,N/A
1009919930,"Le, Binh",6/14/87,Female,US Citizen,Asian,MA,1886,Single,IT/IS,Brian Champaigne,Senior BI Developer,3,Fully Meets,50.25,Indeed,Active,10/2/20,,N/A
1009919940,"Rachael, Maggie",5/12/80,Female,US Citizen,African American,MA,2110,Married,IT/IS,Brian Champaigne,BI Developer,3,Fully Meets,45,Indeed,Active,10/2/20,,N/A
1009919950,"Roper, Katie",11/21/72,Female,US Citizen,African American,MA,2056,Single,IT/IS,Brian Champaigne,Data Architect,3,Fully Meets,55,Indeed,Active,1/7/21,,N/A
1009919960,"Navathe, Kurt",4/25/70,Male,US Citizen,Asian,MA,2056,Single,IT/IS,Brian Champaigne,Senior BI Developer,3,Fully Meets,52.25,Indeed,Active,2/10/21,,N/A
1009919970,"Wang, Charlie",7/8/81,Male,US Citizen,Asian,MA,1887,Single,IT/IS,Brian Champaigne,Senior BI Developer,3,Fully Meets,51,Indeed,Active,2/15/21,,N/A
1009919980,"Smith, Jason",9/4/83,Male,US Citizen,White,MA,2045,Single,IT/IS,Brian Champaigne,BI Developer,3,Fully Meets,46,Indeed,Active,2/15/21,,N/A
1009919990,"Westinghouse, Matthew",10/24/87,Male,US Citizen,White,MA,2134,Married,IT/IS,Brian Champaigne,BI Developer,3,Fully Meets,45,Indeed,Active,4/20/21,,N/A
1009920000,"Hubert, Robert",6/30/89,Male,US Citizen,African American,MA,2134,Married,IT/IS,Brian Champaigne,BI Developer,3,Fully Meets,45,Indeed,Active,4/20/21,,N/A